Line 1,Line 2,Link
"2009年拳王泰森開始素食，","拍葉問3時已經減重成功了！  ",http://rockhardphysique.blogspot.tw/2011/05/mike-tysons-weight-loss-and-vegan-diet.html?m=1
"影片：青花椰苗、苜蓿芽小芽菜抗癌效果佳","～ 芽菜可以自已種！",https://www.youtube.com/watch?v=OEuvSTrCx2Y&t=1875s
"整全蔬食指南：攝取原形蔬果穀豆、種子堅果，","避免動物性食物、精製食品、添加糖與油",https://www.wfpblifestyle.org/guidelines
"生意差 美國紐約最大牛奶業者工廠倒閉，","改做全植物堅果奶 生意蒸蒸日上",https://www.businessinsider.com/dairy-farm-nut-milks-elmhurst-2017-4
"COWSPIRACY《奶牛陰謀》","為何畜牧業比運輸業對氣候變遷更有害？",http://www.godsdirectcontact.org.tw/ch/news/214/cowspiracy-veganism-is-vital-if-we-want-a-future-on-earth/
"IPCC：必須改變糧食生產及土地運用方式 -- ","減少肉類消費，以降低甲烷排放",https://www.theguardian.com/environment/2019/aug/03/ipcc-land-use-food-production-key-to-climate-crisis-leaked-report
"火腿香腸等加工肉品為1級致癌物，","與香菸同級；紅肉列2A級「可能致癌」",https://health.udn.com/health/story/6037/1274489
"紐約市長亞當斯：我用蔬食逆轉了糖尿病，","現在我想幫助美國變得健康 ",https://edition.cnn.com/2022/09/27/opinions/america-diabetes-obesity-crises-eric-adams
"研究：吃太多肉可能是迫於社會壓力　—","一個素食成員即能緩解這個壓力",https://www.mdpi.com/2071-1050/11/14/3936
"九枚奧運金牌得主Carl Lewis：","蔬食大幅改善健康和運動表現",https://www.drmcdougall.com/health/education/podcast/carl-lewis/
"張學友靠這樣吃62歲沒小腹！","80歲名醫一吃就是40年",https://health.tvbs.com.tw/regimen/347019
"大豆三兄弟：","黃豆、黑豆、毛豆",http://www.foodnext.net/life/health2/paper/4739510750
"【TIME】緩解氣候暖化的關鍵：","為什麼你必須少吃點牛肉？",https://www.thenewslens.com/feature/timefortune/123620
"大導演卡麥隆及他的夫人為何採植物性飲食？","The Day My Food World Turned Upside Down",http://www.huffingtonpost.com/suzy-amis-cameron/the-day-my-food-world-turned-upside-down_b_7740468.html
"植物性飲食：大導演卡麥隆","身材更好、體能更好，免疫系統堅如磐石，多年沒生病！",http://www.jamescamerononline.com/QAJAMESCAMERON.htm
"《茹素的力量》大導演卡麥隆的紀錄片","素食運動員打臉蛋白質神話",https://youtu.be/qO-67wHAxb8
"分析：來自畜牧業的溫室氣體排放可能佔 51%","Livestock and Climate Change: What if the key actors in climate change are...cows, pigs, and chickens?",http://magazine.godsdirectcontact.net/chinese-t/205/so_34.htm
"多菜少肉就對了！","科學家推出拯救世界的《地球健康飲食指南》",https://e-info.org.tw/node/216120
"健康永續的加拿大飲食指南：","奶類不是必需品",https://www.twvns.org/info/story/355-2019-02-01-01-41-01
"比爾．蓋茲也「潮」素食：","阿諾．史瓦辛格告訴你「茹素的力量」有多大！",https://vocus.cc/@lintingan/5df2ce99fd897800010e1597
"加工肉品 ","被 WHO 國際癌症研究機構列為１級致癌物",https://zh.wikipedia.org/wiki/1%E7%B1%BB%E8%87%B4%E7%99%8C%E7%89%A9
"加拿大健康飲食指南：","做官要敢於得罪大財團 (譚蕙芸)",https://www.facebook.com/wwviviantam/posts/2097788456976235/
"加拿大飲食指南 倡導植物性飲食：","研究顯示植物為主的飲食能減少一系列慢性病",https://healthmedia.com.tw/main_detail.php?id=42114
"加拿大健康飲食指南 ─","為什麼牛奶類、純果汁出局？",https://www.commonhealth.com.tw/article/79125
"加拿大我的餐盤：植物性飲食有益健康，","蔬果½，蛋白質¼，蛋白質以豆類為主，肉類份量很小",https://healthylives.tw/Article/pq3fUTLscnG.html
"為何我們應該適當曬太陽？","曬太陽是獲取維生素D的最佳方式",https://www.bbc.com/zhongwen/articles/cm25n3gv4mlo/trad.amp
"蔬菜很健康，但用錯烹煮方法，吃再多也沒用！","水炒法保留更多營養素，最後才放油，不產生油煙，油也不會裂變",https://today.line.me/tw/v2/article/EXvGYRR
"吃素也能練就大塊頭：Nimai Delgado","來自印度的健體選手、機械工程師",https://kknews.cc/zh-tw/world/r5yky94.html
"健體選手Nimai Delgado","植物性飲食成就了我 -- 也能改變你 | Talks at Google",https://youtu.be/e-VNXCSGgsg
"吃素便便順了 ","- 養生從食開始",http://health.udn.com/health/story/6037/1949559
"《非藥而癒》一場席捲全球的餐桌革命 ─ ","重要的不是吃什麼，而是不吃什麼！",https://www.books.com.tw/products/0010905361
"《飲食密碼》為何人類離健康卻越來越遠？","面對癌症、慢性病，你所能做的就是「植物性飲食」！",https://www.books.com.tw/products/0010580369
"《關鍵飲食》黃建勳醫師等","31位醫學專家與營養師合著",https://www.books.com.tw/products/0010519340
"加拿大健康飲食指南：蔬果類½，蛋白質類¼，全穀類¼，多喝水，","吃原型食物，所有入口的東西都要三思",https://www.canada.ca/en/health-canada/services/canada-food-guide/resources/snapshot/languages/traditional-chinese-chinois-traditionnel.html
"好壞難辨的營養成分 ── 甲硫氨酸 (蛋胺酸) ","林佑《醫．藥．人》 第 171 期",http://www.3phk.com/v5article.asp?id=3220
"如何預防糖尿病？","How Not to Die from Diabetes",https://nutritionfacts.org/2019/10/08/how-not-to-die-from-diabetes/
"成為素食者並練出一身肌肉，","這位帥哥到底經歷了什麼？",https://kknews.cc/news/2m8yjk9.html
"良好的飲食不僅能變美，還能改變命運！","植物性飲食改變人生的故事",https://kknews.cc/health/j4b39ql.html
"乳製品與前列腺癌有關，","植物性飲食降低了風險",https://www.newsweek.com/eating-dairy-products-prostate-cancer-plant-based-diets-risk-1466662
"所有蛋白質都源自植物，","肉類只是擔當橋樑的角色",https://bit.ly/3bDMfkI
"阿凡達大導演卡麥隆：","植物性飲食才是真正的環保！",https://kknews.cc/entertainment/9yo6r4b.html
"服用抗生素期間 益生菌吃了也是白吃；","免疫力差者增加感染風險",https://health.udn.com/health/story/6034/2441454?f=fcmpush
"牛奶、謊言與內幕（三版）","科學證據說明過多牛奶加速骨質疏鬆、糖尿病、過敏，以及多種癌症",https://www.books.com.tw/products/0010836426
"研究：多菜、少肉，兼顧個人健康與環境永續","EAT–Lancet Commission on healthy diets from sustainable food systems",https://www.thelancet.com/commissions/EAT
"研究：大幅生活型態改變","可能減緩前列腺癌的進展 ",https://doi.org/10.1097/01.ju.0000169487.49018.73
"研究：心絞痛  ","採用植物性飲食快速改善",https://doi.org/10.1016/S0002-8703(77)80080-X
"研究：水果或蔬菜攝取","不會引起非酒精性脂肪肝",https://doi.org/10.1016/j.nut.2018.10.016
"研究：牛白血病病毒暴露與乳腺癌相關--","漢堡肉、牛乳都是可能感染源",https://www.ncbi.nlm.nih.gov/pmc/articles/PMC4557937/
"研究：以高碳水、高纖維飲食","治療男性糖尿病患",https://doi.org/10.1093/ajcn/32.11.2312
"研究：吃過量飽和脂肪，","會增加早期死亡的風險",https://www.theguardian.com/lifeandstyle/2016/jul/05/more-saturated-fats-raises-risk-early-death-large-harvard-study
"研究：有機大豆最健康，","有更多的蛋白質、鋅、糖質和纖維",http://dx.doi.org/10.1016/j.foodchem.2013.12.054
"研究：低脂高纖飲食和運動","降低乳腺癌危險因素和腫瘤細胞生長",https://doi.org/10.1207/s15327914nc5501_4
"研究：紅肉與加工肉提高結腸直腸癌的風險 ","… increases CRC risk by 20-30% …",https://www.ncbi.nlm.nih.gov/pmc/articles/PMC4698595/
"研究：鈣攝取建議量可能太高了 ","…超過 700-800 毫克，不再增加骨骼健康…",http://healthland.time.com/2011/05/25/study-u-s-calcium-guidelines-may-be-too-high/
"研究：美國營養學會立場聲明 - ","蔬食不僅能保護環境，更能減少慢性病，如：冠心病、第二型糖尿病、高血壓、某些癌症與肥胖症。",http://dx.doi.org/10.1016/j.jand.2016.09.025
"研究：限制肉、魚、禽類攝取","可改善情緒",https://nutritionj.biomedcentral.com/articles/10.1186/1475-2891-11-9
"研究：植物性飲食","有助於健康的情緒狀態 ",https://nutritionj.biomedcentral.com/articles/10.1186/1475-2891-9-26
"研究：高牛奶攝入量","與死亡率及骨折風險相關 ",http://www.bmj.com/content/349/bmj.g6015.long
"研究：高脂飲食會增加患糖尿病的風險 ","High fat diets linked to increased risk of diabetes",https://www.consumeraffairs.com/news/high-fat-diets-linked-to-increased-risk-of-diabetes-081319.html
"研究：動物蛋白(肉、蛋、奶)增加腎臟負擔 ","Dietary acid load and chronic kidney disease among adults in the United States",https://bmcnephrol.biomedcentral.com/articles/10.1186/1471-2369-15-137
"康乃爾教授二十七年研究：","動物蛋白極可能為致癌物 -- Dr. T. Colin Campbell",http://nutritionstudies.org/animal-vs-plant-protein/
"研究：動脈粥樣硬化是最容易在實驗室產生的疾病之一，","但接受者必須是食草動物 ",https://www.ncbi.nlm.nih.gov/pmc/articles/PMC3603726/
"研究：許多蔬菜的鈣質比牛奶更容易吸收","51% vs 46% ",https://doi.org/10.1111/j.1365-2621.1993.tb06187.x
"研究：植物性飲食減少73%新冠重症","低碳水、高蛋白飲食會提高重症率",http://dx.doi.org/10.1136/bmjnph-2021-000272
"沒喝奶也會吃到奶？台灣平均每人每年食用3公斤奶粉！","奶粉常被用於糕餅、餐飲及加工食品…",https://www.foodnext.net/science/scsource/paper/4357958091
"研究：減少攝取蛋胺酸 ","可抑制腫瘤 -- ",https://health.udn.com/health/story/10561/3965404
"研究：高脂飲食與肥胖、炎症、","和胰島素阻抗之間有明顯關聯",https://www.uhn.ca/corporate/News/Pages/UHN_scientists_discover_the_critical_role_played_by_gut_immune_cells_in_obesity_related_insulin_resistance.aspx
"研究：膳食膽固醇或雞蛋攝取","皆提高心血管疾病風險和整體死亡率 ",https://www.doi.org/10.1001/jama.2019.1572
"影片：飲食對人的影響有多大？","研究分享！人如其食-雙胞胎飲食實驗",https://youtu.be/5EPlaXFVv04
"研究：多數人認為自己是雜食動物，","但基本上人類具有食草動物的生理特徵 ",https://www.ncbi.nlm.nih.gov/pmc/articles/PMC3603726/
"研究：為何攝取低鈣飲食的人群骨折較少 ？","富含水果和蔬菜的飲食有利於預防骨折",https://doi.org/10.1093/ajcn/74.5.571
"研究表明，僅是運動並不會使體重減輕 ","The myth of ripped muscles and calorie burns",https://www.latimes.com/health/la-he-fitness-muscle-myth-20110516-story.html
"科學家推救地球健康飲食：","少肉多菜就對了！ ",https://eatforum.org/eat-lancet-commission/eat-lancet-commission-summary-report/
"研究：與肉食相比，","植物性飲食在歷史上更長久、更重要",https://doi.org/10.1017/S0029665199000300
"紀錄片：《飲食與健康》 ","What the health",https://youtu.be/iV4x7pg0bCo
"紀錄片：【你吃什麼很重要 2018】 ","H.O.P.E — What You Eat Matters",https://www.bilibili.com/video/av22983322/
"紀錄片：COWSPIRACY: T為何環保組織忽視了","畜牧業是環境破壞的重要原因？",https://youtu.be/dKixulLnHBY
"紀錄片：Eating You Alive【人命牲吃】","食物是許多慢性病的病因 … 也是解藥",https://youtu.be/JEV22ioTvQc
"紀錄片：刀叉下的秘密（Forks Over Knives）","使大導演詹姆斯卡麥隆改變飲食的紀錄片",https://v.youku.com/v_show/id_XMTc4MDUwMDE0MA==.html?spm=a2h0c.8166622.PhoneSokuUgc_2.dtitle
"紀錄片：微妙的平衡 -- 在吃下一塊肉時，","也吃下了森林、水資源、純淨的空氣、土地",https://www.youtube.com/watch?v=Sb2z4ieRcto
"紀錄片：盧貝松之搶救地球 -- ","大量肉食導致暖化、糧食危機！",https://www.youtube.com/watch?v=0_PpwLKN9-A
"研究：全穀類食物替代白飯，","6週後改善血壓",https://www.top1health.com/Article/84684
"【植物飲食30天】突破體能極限：","病痛不藥而癒、意想不到的好處",https://youtu.be/rKjMcuLyWVM
"美國前副總統高爾，跟隨其老闆克林頓的腳步，","採納了蔬食   (National Public Radio)",http://www.npr.org/sections/thesalt/2013/11/26/247330160/al-gore-goes-vegan-following-in-footsteps-of-bill-clinton
"研究：史丹佛雙胞胎實驗表明，","素食比雜食更健康",https://jamanetwork.com/journals/jamanetworkopen/article-abstract/2812392
"美國營養學會立場聲明 - ","素食可滿足營養需求 ",http://www.twvns.org/info/story/336-andpositionvegetariandiets
"前重量級拳擊手大衛·海耶（David Haye）","如何透過植物性飲食變得更強",http://www.businessinsider.com/how-to-eat-like-vegan-heavyweight-boxer-david-haye-2017-2
"蔬食的網球天后 ","- 大小威廉斯姊妹 (Serena and Venus Williams) ",https://www.twvns.org/info/news/105-serena-and-venus-williams-2012
"蔬食的網球名將","- 諾瓦克·喬科維奇（Novak Djokovic）",https://www.popdaily.com.tw/forum/life/820260
"蔬食的銀幕英雄","《蝙蝠俠》克利斯汀‧貝爾(Christian Bale)、《蜘蛛人》陶比‧麥奎爾(Tobey Maguire)",http://www.godsdirectcontact.org.tw/ch/news/160/vg1.htm
"蔬食能給您洪荒之力！ ","頂尖美式足球員David Carter與Griff Whalen",http://www.nfl.com/news/story/0ap3000000711369/article/nfl-veganism-david-carter-griff-whalen-have-broken-the-mold
"娜塔莉·波曼 從小開始素食，","是學霸、影后，也是許多人心中的傳奇！",https://kknews.cc/entertainment/m2rzkrp.html
"海洋死區--集約畜牧難辭其咎：","工廠化畜牧業不只傷害海洋，也傷害了土地",https://e-info.org.tw/node/103553
"破三次世界紀錄的大力士Patrik Baboumian：","純素讓我的表現變得更好，我變得更重、更壯",https://youtu.be/_d5neNRwNng
"素食運動員：","打破世界紀錄，更打破肉食神話",https://kknews.cc/sports/g56ql8.html
"脂肪比醣類更容易轉為體脂肪，","醣類轉為脂肪儲存的效率比脂肪低10倍…",https://science.howstuffworks.com/life/cellular-microscopic/fat-cell2.htm
"迷上素食布衣，","不老歌神張學友重回人生正軌",https://kknews.cc/entertainment/6nzkz8l.html
"堅果起司食譜 ","- 十款純素「起司」，挑動你的味蕾~",http://www.thefullhelping.com/go-to-cashew-cheese-recipe/
"補充維他命D反而有害？","一位名醫的認錯告白",https://health.udn.com/health/story/6012/3024392
"常吃止痛藥易引發腹痛、腹瀉 ","~~ 談藥物性大腸炎 (黃健明醫師)",http://www.ninebig.com/index.php/tech-area/99-2015-12-11-10-04-38
"常吃堅果可降低發炎 ","Regular nibbling on nuts linked to low inflammation",https://arynews.tv/en/regular-nibbling-nuts-linked-low-inflammation/
"張學友：","吃素上癮的「男神」",https://read01.com/Rnmjzy.html
"救命飲食 -- 營養學大師的通俗著作","-- 讓大導演詹姆斯卡麥隆徹底改變飲食的書",https://www.books.com.tw/products/0010784048
"植物性飲食減輕罕見疾病，","逆轉慢性肺部疾病，恢復視力",http://globalnews.ca/news/3412306/calgary-woman-credits-plant-based-diet-for-reversing-chronic-lung-disease-restoring-sight/
"這位「吃素的」格鬥家，","讓日本格鬥天王俯首稱臣",https://read01.com/QgdmkM.html
"網球世界冠軍喬科維奇想改變世界，","開了家超有愛的素食餐廳！",https://kknews.cc/sports/v9x4ry2.html
"速成腰果起司--雲兒的部落格：","腰果、檸檬汁、營養酵母、鹽、洋蔥片、蒜粉、薑黃粉",https://apple516849.pixnet.net/blog/post/343869416
"頂尖美式足球員大衛‧卡特(David Carter) ","採納全食物蔬食",http://www.gq.com/story/vegan-diet-of-nfl-player-david-carter
"費玉清：歌壇「老司機」，","陪老父親吃素養生，活成不老傳奇！",https://read01.com/KAdkmO.html
"全食物蔬食在對抗病毒、逆轉疾病有驚人的好處！","救命飲食3.0 - - THE FUTURE Of NUTRITION",https://www.books.com.tw/products/0010919030
"飲食文化思辨：健康、永續、人道 ─","以肉為中心的飲食需要大量資源，不利永續發展",https://sites.google.com/site/nutrientexplorer/Food_Choice
"飲食密碼：你所不知道的牛奶--","許多蔬食的鈣含量與吸收率勝過牛奶！",http://www.wunan.com.tw/email/EDM1010326_3Q22.htm
"醫學之父希波克拉提希：","「不懂食物的人，不可能瞭解疾病」(飲食密碼)",https://www.books.com.tw/products/0010580369?sloc=main
"愛爾蘭醫生John Kelly: ","採用全食物蔬食照護癌末病人",http://nutritionstudies.org/doctor-inspired-by-the-china-study-for-his-cancer-patients/
"愛爾蘭醫生John Kelly: ","Stop Feeding Your Cancer! (停止餵你的癌症！) ",https://www.amazon.com/Stop-Feeding-Your-Cancer-Doctors/dp/0992779863
"腰果、開心果…怎分辨各類「堅果」？","看這張圖就秒懂",https://health.udn.com/health/story/6037/2995855
"影片：詹姆斯·卡麥隆 - 想對抗氣候變遷？ ","停止吃肉 ！James Cameron: Eating meat-free to save the planet",https://www.youtube.com/watch?v=g73h6fhmwQc&t=398s
"碧昂絲的培訓師Marco Borges分享了植物性食譜 ","Beyonce's Trainer, Marco Borges, Shares Plant-Based Recipes",https://youtu.be/X-ImJiohQs8
"劉德華全家素食，","女兒從娘胎裡就開始，是個「淨素寶寶」",http://www.epochtimes.com/b5/15/3/12/n4385363.htm
"影片 (NutritionFacts.org)：","我們的腸道細菌如何使用雞蛋來加速癌症 ?",https://m.youtube.com/watch?v=pKgrjQeRvb0
"影片(TED)：以營養解決醫療照護危機 ","Resolving the Health Care Crisis: T. Colin Campbel at TEDxEast",https://youtu.be/1CN7PF10RKo
"影片：紐約市長Eric Adams分享 ～ ","用全食物蔬食逆轉糖尿病",https://youtu.be/kByNmIucyOc
"影片(TED)：我們生來就該吃的食物--穀類、豆類、蔬菜 ","The food we were born to eat: John McDougall at TEDxFremont",https://youtu.be/d5wfMNNr3ak
"影片(TED)：為什麼營養科學被醫學忽略？ ","T. Colin Campbell | TEDxCornellUniversity",https://youtu.be/tmWoWOM16uE
"影片(TED)：素食與健康、地球、心靈  －","林俊龍執行長",https://youtu.be/eOO8gUShINc
"影片：紐約市亞當斯推廣健康飲食  ～  "," ～ 全食物蔬食",https://youtu.be/s3ZN5LJqUYg
"影片(TED)：讓心臟病成為歷史 ","Making Heart Attacks History: Caldwell Esselstyn at TEDxCambridge 2011",https://sites.google.com/site/nutrientexplorer/Videos/Making-Heart-Attacks-History
"影片：菜市場博物學(二)","－秒懂最佳「筍」友",https://youtu.be/1hAIz06QdKI
"影片：CNN專訪","美國前總統柯林頓的醫生們談論養生飲食法",https://m.youtube.com/watch?v=pJQWeZ4nB5I
"影片：CNN記者專訪柯林頓與他的醫生   ～  ","探討心臟病的原因和保健方式",https://m.youtube.com/watch?v=ggwJipKzzZw
"影片：素食家庭--","劉德華",https://www.youtube.com/watch?v=MeepQmMZWnI
"影片：如何吃的高枕無憂   ～ "," 健康蔬食 (王輝明醫師)",https://www.youtube.com/watch?v=wk6bqQlQjB0
"影片：Neal Barnard, MD | A Nutritional Approach for Reversing Diabetes","逆轉糖尿病的飲食 ～ 全食物蔬食",https://youtu.be/tAiXvrIMIIE
"影片：","為什麼醫生不建議我吃純素？",https://www.youtube.com/watch?v=MehRE0UGyHQ
"影片： 《為何人們愛狗，卻吃豬、穿牛皮？》","Why We Love Dogs, Eat Pigs, and Wear Cows",https://www.youtube.com/watch?v=22D4lZA-XlY
"影片：《彼岸24 - Beyond 24》","素食的24個原因",https://youtu.be/1gFVd8RdK-Y
"影片：《食療聖經》改變生活方式可逆轉慢性病…","但它卻被主流醫學所忽視",https://youtu.be/F3vqKZwe_r0
"影片：《The Game Changers》預告片","素食運動員打臉蛋白質神話",https://youtu.be/iSpglxHTJVM
"影片：人命牲吃 ","Eating You Alive",https://youtu.be/hJmIJd-qS50
"影片：人類真的屬於雜食性動物嗎？ ","Are Humans True Omnivores?",https://www.youtube.com/watch?v=ui4L-T6eFrw
"影片：不要油 -- 即使橄欖油！ ","No Oil -- Not Even Olive Oil! - Caldwell Esselstyn MD",https://youtu.be/b_o4YBQPKtQ
"影片：心臟病專家有兩種 ─ ","素食者與還沒看過數據的 (Kim Williams, M.D.)",https://youtu.be/X4TMsRKOe8Q
"影片：揭秘！","吃素七年產生的巨大變化跟好處！",https://youtu.be/XpfyyyJWBl8
"影片：以飲食治愈腸漏症 ","Curing Leaky Gut Syndrome - Michael Klaper MD",https://youtu.be/QRDoqS6QHQw
"影片：加拿大食物指南 鼓勵人們多吃素 ","【大千世界】健康飲食",https://youtu.be/isE4clkDz2Y
"影片：吃多少水果算過量？ ","不必過度擔心水果中的果糖！",https://youtu.be/nU_RkeA88DY
"影片：吃素兩年，出現意想不到的轉變？！－ ","倪晨曦 Miss Elvani",https://youtu.be/sqhATvUJCA0
"影片：史丹佛雙胞胎飲食實驗 -- ","純素飲食後，內臟脂肪減少了…",https://youtu.be/t24BCuXIlZI?t=634
"影片：如何預防非酒精性脂肪肝？","限制汽水與肉類攝取",https://youtu.be/N2UDc0WRXvQ
"影片：如何預防糖尿病？ ","How not to die from diabetes ",https://youtu.be/tYaWLWBcSLk
"影片：肉類和乳製品導致癌症 - ","MEAT AND DAIRY CAUSE CANCER - T. Colin Campbell ",https://youtu.be/QoBx97JHcKE
"影片：抗癌故事  － ","你不認識的蘇起",https://youtu.be/PIYKJkaDOj0
"影片：青花菜與十字花科蔬菜的益處 ","Broccoli - the DNA whisperer | Tom Malterre | TEDxBellingham",https://youtu.be/hmFnzc3oZ04
"影片：拯救暖化危機！立竿見影的方法是｢蔬食｣","健康、環境、動物三贏，每個人都可以做到！",https://m.youtube.com/watch?v=g1z1taw6yNw
"影片：是什麼導致胰島素抵抗？ 飽和脂肪！","Diabetes as a Disease of Fat Toxicity ",https://sites.google.com/site/nutrientexplorer/Videos/What-Causes-Insulin-Resistance-and-Diabetes
"影片：柯林頓接受CNN專訪 ","大力推薦《救命飲食》飲食方式",https://m.youtube.com/watch?v=500OI4TjC5o
"影片：柯林頓聽他話 撿回命！","只吃豆蔬果「救命飲食」-李四端的雲端世界",https://youtu.be/4vb2DBekesk
"影片：為什麼純素者不吃雞蛋和乳製品? ","Why Don't Vegans Eat Eggs or Dairy Products?",https://www.youtube.com/watch?v=MYL-ogTuCAw
"影片：世界紀錄最強壯的男人採納蔬食，","「慈悲，就是我的力量」Patrik Baboumian",https://youtu.be/l1EKZDptrPE
"影片：逆轉肝癌？","每天喝這杯…他的癌細胞、脂肪肝、發炎不見了",https://youtu.be/QquwzwzpIsM
"影片：健康就是最好的祝福！  － ","陳月卿 分享 綠拿鐵",https://youtu.be/TXbAHz0aBl4
"影片：揭露心臟病的真正原因 ─ 膽固醇 "," Kim Williams, M.D.　",https://youtu.be/q1oB569xq88
"影片：最容易導致糖尿病的不是糖!  "," Sugar didn't make you diabetic",https://www.youtube.com/watch?v=xnz3Kgnj9hI
"影片：暢銷書《食療聖經》","調整飲食能有效預防、抑制、逆轉慢性病",https://www.youtube.com/watch?v=F3vqKZwe_r0
"影片：無油沙拉醬簡易做法 "," Easy No Oil Salad Dressing - Jane Esselstyn 3-2-1 Recipe",https://youtu.be/H1aQ1kegamM
"影片：菜市場博物學（一）－ "," 秒懂黃豆、黑豆、毛豆的三角關係",https://youtu.be/5RdTXDGS7Xs
"影片：橄欖油並沒有比較健康 "," Olive Oil Is Not Healthy - Michael Klaper MD",https://youtu.be/OGGQxJLuVjg
"影片：糖尿病是一種脂肪中毒疾病 "," Diabetes as a Disease of Fat Toxicity",https://youtu.be/t-f9Q_-tT68
"影片：吃素降低重症風險73%! ","肉食者重症率是素食4倍",https://youtu.be/navyGVU-Ubw
"歐普拉·溫芙蕾分享她的食譜，"," 每日一餐植物性膳食，持續30天",https://www.oprahmag.com/life/food/a29473786/oprah-plant-based-diet-plan/
"衛福部健保署「健康存摺」服務："," 可以查三年內看診、領藥、檢驗紀錄，很方便。",https://myhealthbank.nhi.gov.tw/
"糖尿病有救了：藉由飲食改善糖尿病 ","  Dr. Neal Barnard's Program for Reversing Diabetes",https://www.books.com.tw/products/0010911756
"癌細胞最愛的氨基酸 「蛋氨酸」"," 大多來自什麼食物？",https://health.udn.com/health/story/6017/3468640
"關鍵飲食："," 日常動物性蛋白攝取量 就啟動癌症？",https://health.udn.com/health/story/6037/348224
"關鍵飲食："," 對抗過敏症從食物開始",https://health.udn.com/health/story/6037/348229
"關鍵飲食："," 破除奶的夢幻…牛奶容易蓄積農藥？",https://health.udn.com/health/story/6037/348226
"關鍵飲食："," 為何會有白肉優於紅肉的傳說？",https://health.udn.com/health/story/6037/348225
"關鍵飲食："," 破除蛋的美味…膽固醇含量高？",https://health.udn.com/health/story/6037/348227
"關鍵飲食："," 逆轉糖尿病的飲食療法",https://health.udn.com/health/story/6037/348228
"鐵達尼大導演卡麥隆："," 預防疾病和拯救地球的最佳答案——吃素!",https://kknews.cc/entertainment/3lb49bg.html
"肺腺癌 - 家庭「煮」婦的健康殺手："," 減少煎、炒、炸，以蒸、煮、滷取代，少油更健康",https://www.lianan.com.tw/drliananepaper/Article/015-9
"蛋白質吃太少？國健署來打臉～","營養師揪5大蛋白質過量元凶",https://www.top1health.com/Article/57018
"燙青菜好健康？「水炒法」保留植物營素素 - "," 美味和健康同時上桌，就靠水炒法！先加水，最後用少量的油",https://youtu.be/Xg3RrCrqjJ8
"影片：Talks at Google 飲食與慢性病的關聯 -- ","《食療聖經》作者 Michael Greger 醫師",https://youtu.be/7rNY7xKyGCQ
"你中了嗎？","哈佛最新研究「加工紅肉與失智症有關」 ",https://udn.com/news/story/6813/8494635
"儲存型脂肪主要是飽和脂肪酸，容易堆疊和儲存… ","主要來源為動物性脂肪",https://health.tvbs.com.tw/regimen/352024
"我們吃的食物和氣候有關","食物碳排放之王是--牛肉",https://www.greenpeace.org/taiwan/update/18386/我們吃的食物和氣候有關？食物碳排放之王是⋯/
"打破十大碳水化合物迷思：","全穀不會增肥、低醣提昇死亡風險！- Today's Dietitian Magazine ",https://www.todaysdietitian.com/newarchives/0416p30.shtml
"吃肉和奶製品對氣候有什麼影響？","佔溫室氣體排放量的四分之一，佔據了可居住面積的一半。",https://interactive.carbonbrief.org/what-is-the-climate-impact-of-eating-meat-and-dairy/
"飲食做環保，吃得健康救地球："," 低碳排飲食第一步：少吃肉可阻止全球暖化，給下一代更好的生存空間！",https://www.pm-mag.net/Article/article_content.aspx?Tid=844
"低醣減肥？減到命都短幾年！"," 衞生署和世衛：醣類攝取量應佔總熱量55至75%",http://www.etnet.com.hk/www/tc/lifestyle/health/healthnews/55870
"不要因為某種飲食法當紅就嘗試！"," 專家：不可忽略生酮飲食的危險性！ ",https://www.foodnext.net/column/columnist/paper/5234290908
"生酮飲食瘦超快？ ","醫師警告：死亡率恐提高50%",https://newtalk.tw/news/view/2019-05-03/241693
"攝取過多飽和脂肪、血基質鐵 會 提高失智風險","Power Foods for the Brain | Neal Barnard | TEDxBismarck",https://youtu.be/v_ONFix_e4k
"醫師親身實驗「生酮飲食」發現驚人真相："," 肌力打折，血液指標惡化！勿因體重下降而沾沾自喜，卻不知道自己的健康正在受害",https://www.cw.com.tw/article/article.action?id=5094603
"77％的大豆用於動物飼料 … "," 森林消失增加的碳排放助長了全球氣候變化",https://ourworldindata.org/soy
"畜牧業是森林消失的主因！"," The meat industry is the leading cause of deforestation",https://www.peta.org/blog/amazon-forest-soybeans/
"是什麼導致森林消失？"," 放牧、飼料大豆、棕櫚油　－－　少吃肉與油炸品！",https://www.ucsusa.org/resources/whats-driving-deforestation
"動物性蛋白質會增加血膽固醇： ","就膽固醇水平而言，白肉可能並不比紅肉好——而植物性蛋白質則優於兩者",https://www.health.harvard.edu/blog/when-it-comes-to-cholesterol-levels-white-meat-may-be-no-better-than-red-meat-and-plant-based-protein-beats-both-2019082217550
"最折壽食物是熱狗，1支就可能減壽36分鐘；","其次是醃肉，每吃1份可能減壽26分鐘",https://www.ctwant.com/article/383075/
"紅肉和白肉差別不大…","若希望改善膽固醇水平，紅肉和白肉都應減少攝取，以植物類蛋白取代",https://www.hk01.com/世界專題/337275/吃白肉更健康-美國研究-對膽固醇影響與紅肉分別不大#google_vignette
"40歲的阿雅更美了！"," 17歲開始素食，從諧星到氣質女神",https://kknews.cc/entertainment/4l5mqlq.html
"80歲嬤肝癌痊癒了！","「抗癌神物」地瓜葉在菜市場就買得到",https://news.tvbs.com.tw/life/2704277
"影片：前加州長 阿諾 · 史瓦辛格：","少吃肉以對抗氣候變遷 Less Meat, Less Heat",https://youtu.be/c3q-7ish6vk
"飲食變了，腫瘤小了：","「營養師，醫生說我的腦瘤完全消失了！」",https://www.myccf.org.tw/4952/「我的腦瘤消失了」
"美國醫學專家叫我們吃蔬食！","植物性飲食可使因心血管疾病、癌症、傳染病和糖尿病致死患者大幅度減少",https://card.weibo.com/article/m/show/id/2309634284781239098750
"影片：名醫得癌拒絕化療，卻又多活40多年！","關鍵是植物性飲食",https://youtu.be/eXAhI30OUVE
"影片：李豐醫師現身說法：與癌症和平相處","關鍵是植物性飲食",https://youtu.be/FV4YsZX-1g4
"徹底的改變飲食、克服罕見癌症","紐約女演員克里斯·卡爾（Kris Carr）",https://kriscarr.com/meet-kris/
"餐叉勝過手術刀：","以低脂、植物飲食為主，減少加工及添加油脂食物，可預防慢性疾病",https://youtu.be/EjTWFoqLy34
"哈佛研究：","紅肉會使糖尿病的風險增加 62%",https://youtu.be/NgfTit87RYU
"碳水化合物恐懼症？","研究顯示，以大量飽和脂肪取代碳水化合物對健康有害",https://www.goodfoodmarket.tw/news_page.php?pk=N2005210001
"膠原蛋白騙局何時破? ","沒用的東西為何還能割這麼久的韭菜?",https://youtu.be/A7ByKgWryAA
"牙周囊袋恢復 | 牙周囊袋是什麼？","居然和牙周病有關！",https://quanhaodental-all-on-4.com/how-to-recover-gum-pockets/
"再見！紅斑性狼瘡：","醫生如何通過超市食物自然治癒自己",https://www.books.com.tw/products/F014010664
"影片：吃往滅絕之路 | 畜牧業對環境的影響"," Eating Our Way to Extinction",https://youtu.be/TMLKHeizui4
"Eating our way to extinction ","吃往滅絕之路 | 畜牧業對環境的影響",https://youtu.be/Pc07L9F0olk
"Eating our way to extinction ","畜牧業的真相",https://youtu.be/jAwSHM9iC3U
"嚴重牙周病鐵定拔牙？ ","名醫教你做對兩件事「留牙超過10年」",https://ymdc.mdg.com.tw/form-download/171
"研究：素食者白內障機率低了30%~40%","Vegetarians May Have Lower Risk of Cataracts",https://pubmed.ncbi.nlm.nih.gov/33309591/
"你吃過雨來菇嗎？","「情人的眼淚」營養價值高，雨後才冒出頭",https://www.foodnext.net/science/knowledge/paper/5852534647　
"研究：牛奶攝入量越高，患乳腺癌的風險越大 ","Dairy, soy, and risk of breast cancer: those confounded milks",https://www.ncbi.nlm.nih.gov/pmc/articles/PMC8453418/
"影片：幫助大腦的食物 ","Power Foods for the Brain | Neal Barnard | TEDxBismarck",https://youtu.be/v_ONFix_e4k
"研究：通過植物性飲食預防潰瘍性結腸炎復發","Relapse Prevention in Ulcerative Colitis by Plant-Based Diet Through Educational Hospitalization",https://www.ncbi.nlm.nih.gov/pmc/articles/PMC6045502/
"影片：治療潰瘍性結腸炎的最佳飲食","The Best Diet for Ulcerative Colitis Treatment",https://youtu.be/QRdIz40Pbn4
"影片：美國政府如何幫助乳品商賣牛奶？","How big government helps big dairy sell milk ",https://youtu.be/XRCj8LVTRyA
"TED影片：打破牛奶神話｜","The Magnificent Milk Myth Debunked | Brooke Miles ",https://youtu.be/DXmoa2j7uWE
"影片：油芒 ～ ","台灣特有種，高營養價值，未來抗旱的超級作物",https://youtu.be/_fcPQDRnID4
"冷凍蔬菜比較不營養？不比現買的差！","相較於存放多天的新鮮蔬菜，冷凍蔬菜可能更能保留住營養",https://www.setn.com/News.aspx?NewsID=1613649
"紐約市長亞當斯 ","因吃素逆轉糖尿病，投入健康飲食推廣",https://www.suiis.com/info/article/641
"影片：無症狀感染者，有1個共同點！","感染後和沒感染一樣，自然免疫力很強大",https://youtu.be/Gv8wwr5YOlg 
"《越吃越美麗：日本女星營養師教你吃出瘦身、美肌、年輕力》","以米飯為主食，就是能讓身體變得健康與美麗的飲食方式",https://reading.udn.com/read/story/122749/8575818
"影片：為什麼飲酒會破壞身體 抗病毒 免疫力 ？","酒後對抗病毒的能力會發生怎樣的變化？",https://youtu.be/68Nf5hCbg_0
"影片：一根茄子🍆","就做出蒲燒鰻魚飯",https://youtu.be/WIqYKivHSCE
"影片：全素雞肉飯🤤","搭配白飯太好吃了",https://youtu.be/HipVOBXBXUI
"影片：台式麵包高油糖、添加物？","鬆軟陷阱，超級加工食品敲警鐘！",https://www.youtube.com/watch?v=g86SqD2cZ7o
"飲食是防疫關鍵！","10大免疫食物排行",https://health.udn.com/health/story/120952/5544810
"研究：植物性飲食 新冠重症少，","低碳水、高蛋白飲食 重症機率高",http://dx.doi.org/10.1136/bmjnph-2021-000272
"影片：全球素食名人"," 吃素好因緣",https://youtu.be/rsYVtxHtzc8
"研究：反式脂肪無論來自人工或天然，皆增加心血管疾病死亡率 ","（人造奶油、酥油、餅乾、油炸食品、牛羊肉奶…)",https://doi.org/10.1017/s0007114511005897
"影片：亞洲最大科技農場　","用「智慧」種出救命菜 ",https://youtu.be/Tn_itI2Wgfo
"影片：廚餘去哪裡？","回收用於堆肥、發電，減少焚化爐負擔",https://youtu.be/LDJ-YC41pZM
"牛奶別喝多！","瑞典研究：女性日逾「300毫升」心臟病風險增21%",https://news.tvbs.com.tw/health/2692402
"研究：黃酮類化合物對帕金森病的保護機制 ~ ","多吃水果、穀物、堅果、以及蔬菜",https://doi.org/10.1155/2015/314560
"研究：植物性食物飲食改善帕金森氏症患者的運動表現","Pilot dietary study ",https://doi.org/10.1179/174313211X12966635733231
"研究：帕金森氏症風險降低與飲食有關 ~  ","植物性飲食降低風險",https://doi.org/10.1016/j.mehy.2015.08.018
"影片：為何醫學院應該更關注營養教育-- ","Why medical schools should focus more on nutrition? -- Harvard T.H. Chan School of Public Health ",https://youtu.be/2T4VY9adGWQ
"動物性 vs. 植物性 飲食 ","Atkins vs. China Study diet. Who won? You decide.",https://youtu.be/dIwEmgV8Wdg
"影片：飲食、營養和癌症  "," T. Colin Campbell, PhD, 2007 National Conference on Prostate Cancer",https://youtu.be/hWfsQv800NU
"癌症關懷基金會【全食物運動】","- 癌症飲食指導專班",https://www.myccf.org.tw/diet-guiding-class
"綠活才是王道！","醫師家庭的新素食運動：感冒變少、不再氣喘了",https://www.youtube.com/watch?v=cejj4bmUZIk&t=1315s
"天然蔬食富含蛋白質、礦物質，","看看兩位蔬食三十年的醫師如何說",https://youtu.be/cejj4bmUZIk
"迷思：減肥不吃澱粉？事實：是脫水讓體重減輕！","【黃惠如 / 康健雜誌 第148期】要瘦，就要吃澱粉！",https://www.commonhealth.com.tw/article/65044　
"「驚人的澱粉減重法！」公開１０大助瘦食材 ～ ","穀類和蔬菜讓您開心減重、健康到老",https://www.commonhealth.com.tw/article/68257　
"研究：香港人壽命世界第一  …  ","不吸煙、不酒駕",https://doi.org/10.1016/S2468-2667(21)00208-5 
"男星近60歲卻像40歲！凍齡竟是靠吃素！","「由葷改素」可以降低多種慢性病的可能性",https://health.tvbs.com.tw/amp/strong/344145
"氣候變遷、地球告急！","為何選擇素食能救地球？",https://sites.google.com/view/taiwan-electricity/Saving-the-Earth-from-Climate-Crisis
"豆漿美乃滋【素食沙拉醬】沒有蛋奶 ","Vegan Soy Milk Mayonnaise Recipe",https://youtu.be/bDsIjQLBLg4
"植物性飲食對拯救全球野生動物至關重要 … ","廉價但有害食物是大自然的最大破壞者",https://www.theguardian.com/environment/2021/feb/03/plant-based-diets-crucial-to-saving-global-wildlife-says-report
"影片：嘗試吃素，一起友善世界、找到更好的自己！ "," | 蔬食 找 | TEDxDongWuU",https://youtu.be/H6iTan50Qd8
"影片：聰明人才吃素？美國醫學博士解密素食營養，套路這麽深！","觀者Changer",https://youtu.be/JPck7iB-QVU
"研究：吃肉比吃素更容易增加患癌風險嗎？","肉食動物的罹癌風險高 [Cancer risk across mammals, Nature 2021]",http://web.tccf.org.tw/lib/addon.php?act=post&id=4895
"研究：肉食(尤其是吃哺乳類的)動物罹癌風險高"," [Cancer risk across mammals, Nature 2021]",https://www.nature.com/articles/s41586-021-04224-5
"研究：植物性飲食改善勃起功能障礙","The association between plant-based diet and erectile dysfunction in Chinese men",https://www.ncbi.nlm.nih.gov/pmc/articles/PMC8117588/
"影片：提高先天免疫力 -- ","植物性飲食",https://youtu.be/ZiTm6I3SkA0
"影片：蛀牙竟然可以自愈?!牙醫所學秘密大公開！","預防蛀牙的方法",https://youtu.be/OyiCz0CIaNU
"影片：全食物概念","【飲食天然的最好】",https://youtu.be/HhHooa8FlD4
"影片：安心蔬果健康吃，","千萬不要再吃錯食物囉！",https://youtu.be/5sGy-WuoagA
"蔬食不僅保住人類的青春健康，","更守護後代子孫永續安全的未來",https://m.momoshop.com.tw/expertimg/0008/721/687/8721687.html
"即使不運動，這些蔬菜也能增肌肉力量","💪大力水手吃菠菜還真有道理😏",https://www.epochtimes.com/b5/22/4/13/n13704821.htm/amp
"研究：多吃綠葉蔬菜可增強肌肉功能","💪大力水手吃菠菜還真有道理😏",https://doi.org/10.1093/jn/nxaa415
"高蛋白低碳水與高碳水低蛋白哪種飲食比較長壽？","30年實驗揭秘：高碳水化／低蛋白質小鼠最健康、長壽",https://health.udn.com/health/story/6037/6236280
"Food politics: 為何美國官方飲食建議中","“少吃肉”被“減少飽和脂肪”取代?",https://indyweek.com/food-and-drink/news/food-politics-worse-thought/
"影片：內湖「小廚櫃善循食堂」的”三心”料理 -- ","低鹽、少油、多樣，健康又環保的良心素食",https://youtu.be/exAniNS4PGI
"研究：食品中的乳化劑使微生物菌叢改變、","腸道炎症惡化",https://www.ncbi.nlm.nih.gov/pmc/articles/PMC5940336/
"研究：紅肉攝取與癌症的關聯 -- ","懷疑牛傳染因素與結直腸癌有關的原因",https://onlinelibrary.wiley.com/doi/pdf/10.1002/ijc.27413
"蛋白質吃太多，腎臟壞更快！","一張圖教你別讓高蛋白食物變毒藥",https://www.edh.tw/article/30148
"研究：煮熟的豆類含有高度易消化的蛋白質 (>80%!) ","Determination of the protein quality of cooked Canadian pulses",https://doi.org/10.1002/fsn3.473
"降低心血管疾病發作的飲食 -- ","過年應該「進補」的是當令的蔬菜和水果",http://drchenwh.blogspot.com/2014/03/blog-post.html
"百萬人都在學！居家隔離輕症患者自救法 -- ","俯臥呼吸降低死亡風險",https://health.tvbs.com.tw/medical/328317
"牛奶多喝多健康？","哈佛研究：攝取過多易罹癌、死亡率升高",https://youtu.be/0WbhQgk8O5E
"影片：植物性飲食如何挽救了我的生命","How A Plant-Based Diet Saved My Life ",https://youtu.be/vLib3_3uf9A
"研究：染疫重症風險皆降低","多吃蔬菜給你雙重防護",https://www.epochtimes.com/b5/22/4/1/n13689422.htm
"研究：富含植物的飲食","有助於預防和減少感染的傳播",https://doi.org/10.1007/s11130-021-00907-6
"研究：植物性飲食有助於改善新冠後遺症 --","Lifestyle Adjustments in Long-COVID Management: Potential Benefits of Plant-Based Diets",https://link.springer.com/article/10.1007/s13668-021-00369-x
"研究：植物性飲食不僅健康，還能養活更多人、","促進生物多樣性、避免氣候災難",https://doi.org/10.3399/bjgp21X717857
"為什麼植物性飲食能保護地球?","畜牧造成14.5%溫室氣體、使用70%農地",https://www.greenconut.com/trivia/health0202/
"研究：長期低碳水高蛋白飲食","與總死亡率的增加有關",https://www.nature.com/articles/1602557
"研究：肉類攝取量低的非洲國家，新冠染疫率低","The Young Age and Plant-Based Diet Hypothesis for Low SARS-CoV-2 Infection and COVID-19 Pandemic in Sub-Saharan Africa",https://doi.org/10.1007/s11130-021-00907-6
"研究：低碳水飲食與明顯更高之全因死亡風險相關","Low-carbohydrate diets and all-cause mortality: a systematic review and meta-analysis of observational studies",https://doi.org/10.1371/journal.pone.0055030
"影片：【胰臟癌五大風險因子】抽菸、喝酒、肥胖、高油飲食、糖尿病；","多吃十字花科蔬菜🥦預防胰臟癌！",https://youtu.be/pzKYkdEPhGM
"影片：與病毒共存 家長該知道的五件事 - ","王姿允醫師",https://www.youtube.com/watch?v=OEQedVoiW_A&t=114s
"影片：醬油的利與弊","避免化學釀造(關鍵字：水解植物蛋白/大豆蛋白)",https://youtu.be/EQNACoBRD8I
"影片：想遠離大腸癌，要減少攝取—","高脂肪食物(奶油、肥肉、起司)、紅肉與加工肉、酒",https://www.youtube.com/shorts/LJJyG9C3fNU
"研究：擺脫高脂飲食！","不僅罹糖尿病還恐「破壞大腦」",https://news.ltn.com.tw/amp/news/health/breakingnews/3990010
"影片：超簡單茄子料理，爽口又健康！","Steamed Eggplant│無油水蒸茄子│辜惠雪 老師",https://youtu.be/whJsAo1auBc
"研究：酒精為一級致癌物："," 安全攝入量為零、讓腦齡增12歲",https://www.epochtimes.com/b5/22/7/7/n13775947.htm
"沖繩人長壽祕訣：","與高碳水飲食有關(主食是紅薯)",https://m.commonhealth.com.tw/amp/article/82926
"研究：生酮飲食別再吃了！","癌症、心臟病、中風死亡率都會大幅提升",https://healthylives.tw/Article/生酮飲食別再吃了！最新研究：癌症、心臟病、中風死亡率都會大幅提升-35Qlr19bHfE.html
"持續近一個世紀的迷思：飲食與心臟病無關？","額外的蛋白質攝取促進建康？碳水化合物導致糖尿病？",https://youtu.be/plpiRcVMbg0?t=143
"研究：植物性飲食於第二型糖尿病管理--","改善多項健康指標，包括醣化血紅素、體重、總膽固醇、低密度膽固醇，比糖尿病協會的飲食指南更好",https://drc.bmj.com/content/6/1/e000534
"影片：太極金牌國手孫家閎分享植物性飲食的好處 -- ","恢復能力變好、精神狀態變好，越練越健康！",https://www.youtube.com/watch?v=3icno5JO7zs&t=1670s
"酒精為一級致癌物，","就致癌風險而言並無安全量。",https://www.chp.gov.hk/tc/features/103676.html
"太多脂肪會『中毒』，導致血糖失控：","減重就有機會逆轉糖尿病，不用再吃藥！",https://udn.com/news/story/7266/8627782
